{
  "CNN-LSTM": {
    "mean_ms": 0.026158891851082444,
    "std_ms": 0.0015498676385442033,
    "p50_ms": 0.025772489607334137,
    "p95_ms": 0.02840010856743902,
    "p99_ms": 0.0330006511649117,
    "max_ms": 0.03603100776672363,
    "pass_300": true
  },
  "DGCNN": {
    "mean_ms": 0.026679139700718224,
    "std_ms": 0.003151353411229449,
    "p50_ms": 0.0260119850281626,
    "p95_ms": 0.029955996433272954,
    "p99_ms": 0.038203304866328905,
    "max_ms": 0.0515999854542315,
    "pass_300": true
  },
  "Transformer-MM": {
    "error": "inference failed"
  },
  "BiDAE": {
    "error": "inference failed"
  },
  "DGCCA-AM": {
    "error": "inference failed"
  },
  "PR-PL": {
    "mean_ms": 0.026038031792268157,
    "std_ms": 0.002952576959335032,
    "p50_ms": 0.025309505872428417,
    "p95_ms": 0.029611901845782995,
    "p99_ms": 0.03628446022048599,
    "max_ms": 0.04900404019281268,
    "pass_300": true
  }
}